ADHA_ID,login_password,username,starting_date,ending_date,ADHA_rank
1,dd,a,11/04/2005,11/04/2007,Liutenant General
2,cc,b,11/04/2005,11/04/2007,Brigadier
3,bb,c,11/04/2007,11/04/2009,General
4,aa,d,11/04/2007,11/04/2009,General
5,z,e,11/04/2009,11/04/2011,Brigadier
6,y,f,11/04/2009,11/04/2011,Lietenant General
7,x,g,11/04/2011,11/04/2013,Lietenant General
8,w,h,11/04/2011,11/04/2013,General
9,v,i,11/04/2013,11/04/2015,General
10,u,j,11/04/2013,11/04/2015,General
11,t,k,11/04/2015,11/04/2017,General
12,s,l,11/04/2015,11/04/2017,Brigadier
13,r,m,11/04/2017,11/04/2019,Brigadier
14,q,n,11/04/2017,11/04/2019,Brigadier
15,p,o,11/04/2019,11/04/2021,Liutenant General
