emp_ID,branch,typeemp,position,duration,alloted_plot_no,dir_ID,client_ID
46,Security,Army,"Security Personal",3,100,31,16
47,Security,Civilian,"Security Personal",5,101,32,17
48,"Land Acquisition",Army,"Civil Engineer",3,102,33,18
49,Medical,Civilian,Doctor,5,103,34,19
50,Education,Army,Teacher,3,104,35,20
51,"Project Branch",Civilian,"Electrical Engineer",5,105,36,21
52,"Religious Affairs",Army,"Religious Personal",3,106,37,22
53,"Club Branch",Civilian,"Manager Club",5,107,38,23
54,Security,Army,"Security Personal",3,108,39,24
55,Security,Civilian,"Security Personal",5,109,40,25
56,Medical,Army,Doctor,3,110,41,26
57,Education,Civilian,Teacher,5,111,42,27
58,"Land Acquisition",Army,"Civil Engineer",3,112,43,28
59,Development,Civilian,"Electrical Engineer",5,113,44,29
60,Maintenance,Army,"Electrical Engineer",3,114,45,30
